{"dcg": 16.34523138102471, "dcg@03": 11.674631269668833, "dcg@05": 12.738073706415628, "dcg@10": 13.916085130852565, "dcg@20": 14.866937283716439, "ndcg": 0.7430717410248908, "ndcg@03": 0.6289510450677901, "ndcg@05": 0.6501254366034844, "ndcg@10": 0.6784163694173343, "ndcg@20": 0.7019568448707998, "precision@01": 0.6300668151447661, "precision@03": 0.3446919079435783, "precision@05": 0.24717149220489976, "precision@10": 0.15111358574610248, "precision@20": 0.0893095768374165, "recall@01": 0.4563641252338357, "recall@03": 0.634344644685271, "recall@05": 0.7068379183301232, "recall@10": 0.7912149140290107, "recall@20": 0.8662471722638105, "relevant rank": 15.258404558404559, "relevant rank per query": 35.784187082405346}