{"dcg": 16.940526502677614, "dcg@03": 12.425263389778268, "dcg@05": 13.473182366452898, "dcg@10": 14.662953926079592, "dcg@20": 15.561851223569798, "ndcg": 0.7789837090218001, "ndcg@03": 0.6765537881649515, "ndcg@05": 0.6950176692908918, "ndcg@10": 0.7218344903902929, "ndcg@20": 0.7428557108235004, "precision@01": 0.6884187082405344, "precision@03": 0.3645137342242019, "precision@05": 0.2583518930957684, "precision@10": 0.1567483296213809, "precision@20": 0.09138084632516705, "recall@01": 0.5060157276163434, "recall@03": 0.6748692575602047, "recall@05": 0.7381976015963307, "recall@10": 0.8166134728845982, "recall@20": 0.8832768702613457, "relevant rank": 14.387749287749287, "relevant rank per query": 33.74231625835189}
