{"dcg": 17.32616959408771, "dcg@03": 12.896223663199596, "dcg@05": 13.9310222807054, "dcg@10": 15.126747694383885, "dcg@20": 16.016665616344167, "ndcg": 0.7942734003101243, "ndcg@03": 0.6983573752114821, "ndcg@05": 0.7139891196454474, "ndcg@10": 0.7390907600838785, "ndcg@20": 0.7596577763904555, "precision@01": 0.7193763919821826, "precision@03": 0.3775055679287305, "precision@05": 0.26543429844098, "precision@10": 0.1607572383073497, "precision@20": 0.09306236080178175, "recall@01": 0.5244285682147598, "recall@03": 0.689903681591419, "recall@05": 0.7513693126312673, "recall@10": 0.8280138795801051, "recall@20": 0.8944408185450371, "relevant rank": 13.182051282051281, "relevant rank per query": 30.91469933184855}